"Basic Set, Party Set]",Adorable ," lovable, charming, delightful ",,
"Basic Set, Party Set]",Ancient ," elderly, old, antique ",,
"Basic Set, Party Set]",Animated ," lively, exuberant, spirited ",,
"Basic Set, Party Set]",Arrogant ," egotistical, overconfident, conceited ",,
"Basic Set, Party Set]",Awkward ," clumsy, bumbling, uncoordinated ",,
"Basic Set, Party Set]",Boisterous ," loud, rambunctious, rowdy ",,
"Basic Set, Party Set]",Boring ," dull, tedious, monotonous ",,
"Basic Set, Party Set]",Brilliant ," dazzling, gleaming, intelligent ",,
"Basic Set, Party Set]",Calm ," peaceful, tranquil, placid ",,
"Basic Set, Party Set]",Casual ," easygoing, blase, nonchalant ",,
"Basic Set, Party Set]",Charming ," captivating, enchanting, fascinating ",,
"Basic Set, Party Set]",Cheesy ," trashy, tawdry, far",fetched) ,
"Basic Set, Party Set]",Colorful ," vivid, brilliant, kaleidoscopic ",,
"Basic Set, Party Set]",Cool ," chilly, hip, cold",blooded) ,
"Basic Set, Party Set]",Corrupt ," dishonest, underhanded, shady ",,
"Basic Set, Party Set]",Courageous ," brave, gallant, dauntless ",,
"Basic Set, Party Set]",Crazed ," insane, wild, deranged ",,
"Basic Set, Party Set]",Creative ," imaginative, artistic, original ",,
"Basic Set, Party Set]",Creepy ," frightening, slithering, scary ",,
"Basic Set, Party Set]",Cuddly ," loving, tender, huggable ",,
"Basic Set, Party Set]",Dainty ," delicate, fragile, thin ",,
"Basic Set, Party Set]",Dangerous ," risky, chancy, hazardous ",,
"Basic Set, Party Set]",Delicate ," dainty, tender, elegant ",,
"Basic Set, Party Set]",Delicious ," tasty, pleasing, appetizing ",,
"Basic Set, Party Set]",Demanding ," difficult, exacting, bothersome ",,
"Basic Set, Party Set]",Desperate ," frantic, headlong, reckless ",,
"Basic Set, Party Set]",Distinguished ," dignified, extraordinary, acclaimed ",,
"Basic Set, Party Set]",Dramatic ," exciting, sensational, theatrical ",,
"Basic Set, Party Set]",Earthy ," unrefined, natural, crude ",,
"Basic Set, Party Set]",Easy ," effortless, gentle, promiscuous ",,
"Basic Set, Party Set]",Expensive ," costly, valuable, exorbitant ",,
"Basic Set, Party Set]",Extreme ," exceptional, superlative, radical ",,
"Basic Set, Party Set]",Fabulous ," marvelous, wonderful, incredible ",,
"Basic Set, Party Set]",Feminine ," womanly, ladylike, unmanly ",,
"Basic Set, Party Set]",Filthy ," dirty, foul, unclean ",,
"Basic Set, Party Set]",Flirtatious ," brazen, saucy, forward ",,
"Basic Set, Party Set]",Fragrant ," aromatic, odorous, perfumed ",,
"Basic Set, Party Set]",Frazzled ," exhausted, frayed, worn ",,
"Basic Set, Party Set]",Fresh ," new, original, good ",,
"Basic Set, Party Set]",Frightening ," scary, horrifying, awesome ",,
"Basic Set, Party Set]",Graceful ," elegant, supple, limber ",,
"Basic Set, Party Set]",Handsome ," attractive, elegant, fine ",,
"Basic Set, Party Set]",Hardworking ," industrious, diligent, busy ",,
"Basic Set, Party Set]",Hilarious ," funny, witty, amusing ",,
"Basic Set, Party Set]",Honorable ," honest, just, virtuous ",,
"Basic Set, Party Set]",Hopeless ," pessimistic, desperate, downhearted ",,
"Basic Set, Party Set]",Horrifying ," offensive, abominable, disgusting ",,
"Basic Set, Party Set]",Hostile ," antagonistic, aggressive, warlike ",,
"Basic Set, Party Set]",Idiotic ," foolish, dumb, moronic ",,
"Basic Set, Party Set]",Important ," significant, substantial, momentous ",,
"Basic Set, Party Set]",Industrious ," diligent, busy, hard",working) ,
"Basic Set, Party Set]",Influential ," powerful, prominent, important ",,
"Basic Set, Party Set]",Inspirational ," exhilarating, inspiring, stimulating ",,
"Basic Set, Party Set]",Loud ," noisy, boisterous, deafening ",,
"Basic Set, Party Set]",Lucky ," fortunate, serendipitous, favored ",,
"Basic Set, Party Set]",Luscious ," delicious, savory, juicy ",,
"Basic Set, Party Set]",Luxurious ," opulent, lavish, sumptuous ",,
"Basic Set, Party Set]",Magical ," enchanting, miraculous, marvelous ",,
"Basic Set, Party Set]",Masculine ," male, manly, virile ",,
"Basic Set, Party Set]",Mischievous ," naughty, prankish, sly ",,
"Basic Set, Party Set]",Misunderstood ," not grasped, not learned, not absorbed ",,
"Basic Set, Party Set]",Nasty ," mean, inclement, offensive ",,
"Basic Set, Party Set]",Nerdy ," unhip, uncool, dorky ",,
"Basic Set, Party Set]",Normal ," usual, common, ordinary ",,
"Basic Set, Party Set]",Obnoxious ," offensive, repulsive, annoying ",,
"Basic Set, Party Set]",Odd ," different, eccentric, bizarre ",,
"Basic Set, Party Set]",Offensive ," insulting, vulgar, attacking ",,
"Basic Set, Party Set]",Outrageous ," shocking, scandalous, disgraceful ",,
"Basic Set, Party Set]",Patriotic ," nationalistic, loyal, public",spirited) ,
"Basic Set, Party Set]",Perfect ," faultless, consummate, exact ",,
"Basic Set, Party Set]",Phony ," false, artificial, imitation ",,
"Basic Set, Party Set]",Powerful ," strong, forceful, robust ",,
"Basic Set, Party Set]",Primitive ," prehistoric, primal, uncivilized ",,
"Basic Set, Party Set]",Principled ," conscientious, ethical, scrupulous ",,
"Basic Set, Party Set]",Profound ," deep, wise, thoughtful ",,
"Basic Set, Party Set]",Pure ," innocent, unadulterated, chaste ",,
"Basic Set, Party Set]",Radical ," unconventional, revolutionary, extreme ",,
"Basic Set, Party Set]",Responsible ," accountable, obligated, mature ",,
"Basic Set, Party Set]",Rich ," wealthy, affluent, moneyed ",,
"Basic Set, Party Set]",Ridiculous ," preposterous, absurd, ludicrous ",,
"Basic Set, Party Set]",Rough ," scratchy, uneven, jagged ",,
"Basic Set, Party Set]",Saintly ," virtuous, angelic, divine ",,
"Basic Set, Party Set]",Sappy ," gooey, mushy, romantic ",,
"Basic Set, Party Set]",Scary ," frightening, absurd, ugly ",,
"Basic Set, Party Set]",Selfish ," stingy, greedy, miserly ",,
"Basic Set, Party Set]",Sensitive ," susceptible, sympathetic, tender ",,
"Basic Set, Party Set]",Sensual ," tactile, pleasing, sexual ",,
"Basic Set, Party Set]",Sexy ," arousing, appealing, seductive ",,
"Basic Set, Party Set]",Smooth ," even, level, flat ",,
"Basic Set, Party Set]",Soft ," malleable, pliable, mushy ",,
"Basic Set, Party Set]",Speedy ," quick, rapid, fast ",,
"Basic Set, Party Set]",Stereotyped ," pigeonholed, caricatured, characterized ",,
"Basic Set, Party Set]",Stunning ," astonishing, staggering, astounding ",,
"Basic Set, Party Set]",Sweet ," sugary, caring, good ",,
"Basic Set, Party Set]",Swift ," quick, speedy, expeditious ",,
"Basic Set, Party Set]",Talented ," gifted, clever, skillful ",,
"Basic Set, Party Set]",Temperamental ," moody, irritable, short",tempered) ,
"Basic Set, Party Set]",Timeless ," classic, ageless, well",established) ,
"Basic Set, Party Set]",Touchy,Feely ," (affectionate, tactile, huggy) ",
"Basic Set, Party Set]",Trustworthy ," honest, reliable, unfailing ",,
"Basic Set, Party Set]",Unforgettable ," notable, impressive, remarkable ",,
"Basic Set, Party Set]",Unscrupulous ," unethical, corrupt, unprincipled ",,
"Basic Set, Party Set]",Visionary ," idealistic, prophetic, far",seeing) ,
"Basic Set, Party Set]",Wicked ," evil, corrupt, depraved ",,
"Basic Set, Party Set]",Wild ," untamed, savage, ferocious ",,
"Basic Set, Party Set]",Zany ," crazy, funny, wacky ",,
"Basic Set, Party Set]",Cosmopolitan ," sophisticated, urbane, well",,
"Basic Set, Party Set]",Cruel ," mean, harsh, merciless ",,
"Basic Set, Party Set]",Dull ," boring, stupid, blunt ",,
"Basic Set, Party Set]",Frivolous ," trivial, silly, shallow ",,
"Basic Set, Party Set]",Melodramatic ," theatrical, sensational, showy ",,
"Basic Set, Party Set]",Unbelievable ," incredible, far",,
"Expansion Set 1, Party Set]",Addictive ," obsessive, consuming, captivating ",,
"Expansion Set 1, Party Set]",Annoying ," irritating, bothersome, teasing ",,
"Expansion Set 1, Party Set]",Awesome ," amazing, remarkable, majestic ",,
"Expansion Set 1, Party Set]",Believable ," trustworthy, credible, convincing ",,
"Expansion Set 1, Party Set]",Bogus ," fraudulent, phony, insincere ",,
"Expansion Set 1, Party Set]",Bold ," daring, brave, courageous ",,
"Expansion Set 1, Party Set]",Bright ," brilliant, radiant, shiny ",,
"Expansion Set 1, Party Set]",Chewy ," gummy, rubbery, stringy ",,
"Expansion Set 1, Party Set]",Chunky ," lumpy, chubby, bumpy ",,
"Expansion Set 1, Party Set]",Classic ," timeless, definitive, vintage ",,
"Expansion Set 1, Party Set]",Clueless ," unaware, oblivious, ignorant ",,
"Expansion Set 1, Party Set]",Complicated ," difficult, complex, involved ",,
"Expansion Set 1, Party Set]",Confused ," muddled, bewildered, perplexed ",,
"Expansion Set 1, Party Set]",Cowardly ," fearful, afraid, spineless ",,
"Expansion Set 1, Party Set]",Crazy ," insane, bizarre, wacky ",,
"Expansion Set 1, Party Set]",Deadly ," fatal, lethal, murderous ",,
"Expansion Set 1, Party Set]",Delightful ," pleasing, enjoyable, charming ",,
"Expansion Set 1, Party Set]",Dignified ," stately, honorable, distinguished ",,
"Expansion Set 1, Party Set]",Disturbing ," unsettling, troubling, worrisome ",,
"Expansion Set 1, Party Set]",Dreamy ," fanciful, whimsical, heavenly ",,
"Expansion Set 1, Party Set]",Exciting ," thrilling, breathtaking, arousing ",,
"Expansion Set 1, Party Set]",Explosive ," bursting, blasting, dangerous ",,
"Expansion Set 1, Party Set]",Fancy ," showy, ornate, decorated ",,
"Expansion Set 1, Party Set]",Fantastic ," awesome, outrageous, imaginary ",,
"Expansion Set 1, Party Set]",Foreign ," alien, unfamiliar, exotic ",,
"Expansion Set 1, Party Set]",Funky ," groovy, psychedelic, hip ",,
"Expansion Set 1, Party Set]",Funny ," amusing, comic, odd ",,
"Expansion Set 1, Party Set]",Furious ," angry, raging, wild ",,
"Expansion Set 1, Party Set]",Glamorous ," beautiful, dazzling, stylish ",,
"Expansion Set 1, Party Set]",Harmful ," hurtful, unhealthy, damaging ",,
"Expansion Set 1, Party Set]",Heartless ," insensitive, cruel, uncaring ",,
"Expansion Set 1, Party Set]",Hot ," blazing, heated, spicy ",,
"Expansion Set 1, Party Set]",Intelligent ," bright, smart, brainy ",,
"Expansion Set 1, Party Set]",Intense ," extreme, passionate, strained ",,
"Expansion Set 1, Party Set]",Irritating ," annoying, troublesome, provoking ",,
"Expansion Set 1, Party Set]",Juicy ," drippy, luscious, tantalizing ",,
"Expansion Set 1, Party Set]",Lovable ," adorable, endearing, cuddly ",,
"Expansion Set 1, Party Set]",Mysterious ," secretive, puzzling, strange ",,
"Expansion Set 1, Party Set]",Naive ," unsophisticated, childlike, simple ",,
"Expansion Set 1, Party Set]",Natural ," pure, simple, unadorned ",,
"Expansion Set 1, Party Set]",Overwhelming ," exhaustive, breathtaking, monumental ",cooked) ,
"Expansion Set 1, Party Set]",Painful ," hurtful, agonizing, unbearable ",,
"Expansion Set 1, Party Set]",Peaceful ," serene, restful, calm ",,
"Expansion Set 1, Party Set]",Philosophical ," thoughtful, contemplative, wise ",,
"Expansion Set 1, Party Set]",Playful ," fun, frisky, entertaining ",,
"Expansion Set 1, Party Set]",Radiant ," shining, glowing, sparkling ",,
"Expansion Set 1, Party Set]",Rare ," scarce, unusual, half",,
"Expansion Set 1, Party Set]",Realistic ," authentic, lifelike, reasonable ",,
"Expansion Set 1, Party Set]",Refreshing ," brisk, invigorating, rejuvenating ",,
"Expansion Set 1, Party Set]",Revolutionary ," innovative, rebellious, radical ",,
"Expansion Set 1, Party Set]",Risky ," hazardous, daring, speculative ",,
"Expansion Set 1, Party Set]",Scenic ," picturesque, dramatic, panoramic ",,
"Expansion Set 1, Party Set]",Shiny ," reflective, gleaming, polished ",,
"Expansion Set 1, Party Set]",Shocking ," frightening, electrifying, startling ",,
"Expansion Set 1, Party Set]",Shy ," bashful, timid, cautious ",,
"Expansion Set 1, Party Set]",Silly ," goofy, absurd, nonsensical ",,
"Expansion Set 1, Party Set]",Spicy ," flavorable, tangy, hot ",,
"Expansion Set 1, Party Set]",Spiritual ," religious, inspired, supernatural ",,
"Expansion Set 1, Party Set]",Spooky ," scary, weird, ghostly ",,
"Expansion Set 1, Party Set]",Spunky ," perky, lively, spirited ",,
"Expansion Set 1, Party Set]",Squeaky Clean ," pure, immaculate, unapproachable ",,
"Expansion Set 1, Party Set]",Technological ," scientific, futuristic, mechanical ",,
"Expansion Set 1, Party Set]",Tough ," strong, firm, difficult ",,
"Expansion Set 1, Party Set]",Useless ," worthless, ineffective, unneeded ",,
"Expansion Set 1, Party Set]",Violent ," furious, vicious, destructive ",,
"Expansion Set 1, Party Set]",Weird ," abnormal, peculiar, odd ",,
"Expansion Set 1, Party Set]",Witty ," clever, humorous, cunning ",,
"Expansion Set 1, Party Set]",Woebegone ," dismal, sorrowful, bummed out ",,
"Expansion Set 1, Party Set]",Worldly ," experienced, sophisticated, materialistic ",,
Expansion Set 1],Clear ," understandable, uncluttered, transparent ",,
Expansion Set 1],Square ," rectangular, uncool, dull ",,
"Expansion Set 2, Party Set]",Absurd ," ridiculous, senseless, foolish ",,
"Expansion Set 2, Party Set]",Aged ," old, ancient, mature ",,
"Expansion Set 2, Party Set]",American ," U.S. Citizen, Yankee, Apple Pie ",,
"Expansion Set 2, Party Set]",Appetizing ," appealing, tasty, flavorful ",,
"Expansion Set 2, Party Set]",Busy ," occupied, meddlesome, engrossed ",,
"Expansion Set 2, Party Set]",Charismatic ," alluring, magnetic, charming ",,
"Expansion Set 2, Party Set]",Clean ," washed, pure, tidy ",,
"Expansion Set 2, Party Set]",Cold ," chilly, icy, aloof ",,
"Expansion Set 2, Party Set]",Comfortable ," cozy, snug, restful ",,
"Expansion Set 2, Party Set]",Comical ," funny, hilarious, amusing ",,
"Expansion Set 2, Party Set]",Cosmic ," limitless, planetary, far out ",,
"Expansion Set 2, Party Set]",Cranky ," crabby, cantankerous, grouchy ",,
"Expansion Set 2, Party Set]",Cute ," pretty, perky, delightful ",,
"Expansion Set 2, Party Set]",Dead ," deceased, expired, unresponsive ",,
"Expansion Set 2, Party Set]",Depressing ," dismal, gloomy, sad ",,
"Expansion Set 2, Party Set]",Dirty ," unclean, soiled, impure ",,
"Expansion Set 2, Party Set]",Dysfunctional ," impaired, damaged, maladjusted ",,
"Expansion Set 2, Party Set]",Eccentric ," peculiar, odd, bizarre ",,
"Expansion Set 2, Party Set]",Elitist ," snobbish, arrogant, smug ",,
"Expansion Set 2, Party Set]",Emotional ," passionate, moving, volatile ",,
"Expansion Set 2, Party Set]",Eternal ," timeless, immortal, perpetual ",,
"Expansion Set 2, Party Set]",European ," of Europe, from Europe, about Europe ",,
"Expansion Set 2, Party Set]",Exhausting ," weakening, tiring, draining ","wide, spherical, universal) ",
"Expansion Set 2, Party Set]",Exquisite ," excellent, refined, flawless ",,
"Expansion Set 2, Party Set]",Fake ," unreal, counterfeit, deceptive "," (sweet, well","behaved, virtuous) "
"Expansion Set 2, Party Set]",Friendly ," affectionate, comforting, welcoming ",,
"Expansion Set 2, Party Set]",Fuzzy ," downy, unclear, furry ",,
"Expansion Set 2, Party Set]",Glitzy ," flashy, showy, gaudy ",,
"Expansion Set 2, Party Set]",Global , world,,
"Expansion Set 2, Party Set]",Glorious ," magnificent, delightful, splendid ",,
"Expansion Set 2, Party Set]",Goody,Goody ,,
"Expansion Set 2, Party Set]",Haunting ," unforgettable, bewitching, unearthly ",,
"Expansion Set 2, Party Set]",Healthy ," hearty, robust, wholesome ",,
"Expansion Set 2, Party Set]",Innocent ," guiltless, pure, naive ",,
"Expansion Set 2, Party Set]",Insane ," psychotic, deranged, mad ",,
"Expansion Set 2, Party Set]",Insulting ," offending, discourteous, rude ",,
"Expansion Set 2, Party Set]",Irresistible ," overpowering, overwhelming, compelling ",,
"Expansion Set 2, Party Set]",Lazy ," lifeless, apathetic, weary ",,
"Expansion Set 2, Party Set]",Legendary ," famous, distinctive, prominent ",,
"Expansion Set 2, Party Set]",Manly ," masculine, virile, strong ",,
"Expansion Set 2, Party Set]",Meek ," shy, mild, timid ",rending) ,
"Expansion Set 2, Party Set]",Miserable ," wretched, pitiful, forlorn ","liked, accepted, preferred) ",
"Expansion Set 2, Party Set]",Mystical ," spiritual, secretive, esoteric ",,
"Expansion Set 2, Party Set]",Neat ," tidy, orderly, cool ",,
"Expansion Set 2, Party Set]",Neglected ," ignored, disregarded, rejected ","bred, purified, cultivated) ",
"Expansion Set 2, Party Set]",Organic ," natural, clean, biological ",,
"Expansion Set 2, Party Set]",Pathetic ," pitiful, distressing, heart",,
"Expansion Set 2, Party Set]",Popular , well,,
"Expansion Set 2, Party Set]",Puffy ," swollen, billowy, bloated ",,
"Expansion Set 2, Party Set]",Quiet ," peaceful, silent, calm ",,
"Expansion Set 2, Party Set]",Refined , well,,
"Expansion Set 2, Party Set]",Relaxing ," restful, calming, peaceful ",,
"Expansion Set 2, Party Set]",Repulsive ," disgusting, offensive, foul ",,
"Expansion Set 2, Party Set]",Senseless ," meaningless, absurd, foolish ",,
"Expansion Set 2, Party Set]",Shallow ," superficial, trivial, not deep ",,
"Expansion Set 2, Party Set]",Sharp ," pointed, keen, acute ",,
"Expansion Set 2, Party Set]",Smart ," intelligent, stylish, witty ",,
"Expansion Set 2, Party Set]",Smelly ," stinky, odorous, rank ",,
"Expansion Set 2, Party Set]",Snappy ," stylish, trendy, fast ",,
"Expansion Set 2, Party Set]",Sultry ," sweltering, humid, sensual ",,
"Expansion Set 2, Party Set]",Tame ," subdued, gentle, trained ",,
"Expansion Set 2, Party Set]",Twisted ," distorted, warped, perverted ",,
"Expansion Set 2, Party Set]",Unhealthy ," risky, sickly, dangerous ",,
"Expansion Set 2, Party Set]",Unnatural ," abnormal, artificial, bizarre ",,
"Expansion Set 2, Party Set]",Unreal ," imaginary, illusionary, unbelievable ",,
"Expansion Set 2, Party Set]",Unusual ," rare, odd, uncommon ",,
"Expansion Set 2, Party Set]",Virtuous ," worthy, righteous, chaste ",looking) ,
Expansion Set 2],Abundant ," plentiful, ample, numerous ",,
Expansion Set 2],Fine ," worthy, delicate, all right ",,
Expansion Set 2],Orderly ," methodical, formal, systematic ",,
Expansion Set 2],Warm ," tepid, mild, affectionate ",,
"Expansion Set 3, Party Expansion 1]",Amazing ," astonishing, surprising, wonderful ",centered) ,
"Expansion Set 3, Party Expansion 1]",Attractive ," alluring, engaging, good",,
"Expansion Set 3, Party Expansion 1]",Bashful ," shy, timid, modest ",,
"Expansion Set 3, Party Expansion 1]",Brutal ," cruel, crude, harsh ",,
"Expansion Set 3, Party Expansion 1]",Clever ," intelligent, ingenious, witty ",,
"Expansion Set 3, Party Expansion 1]",Clumsy ," awkward, bumbling, uncoordinated ",,
"Expansion Set 3, Party Expansion 1]",Conceited ," vain, smug, self",,
"Expansion Set 3, Party Expansion 1]",Controversial ," contentious, disputable, debatable ",,
"Expansion Set 3, Party Expansion 1]",Cozy ," comfortable, snug, warm ",binding) ,
"Expansion Set 3, Party Expansion 1]",Crisp ," brittle, brisk, fresh ",,
"Expansion Set 3, Party Expansion 1]",Dark ," unlit, morbid, sinister ",,
"Expansion Set 3, Party Expansion 1]",Dashing ," gallant, bold, elegant ",,
"Expansion Set 3, Party Expansion 1]",Devious ," sneaky, shifty, tricky ",,
"Expansion Set 3, Party Expansion 1]",Edgy ," irritable, nervous, tense ",,
"Expansion Set 3, Party Expansion 1]",Enchanting ," captivating, charming, spell",,
"Expansion Set 3, Party Expansion 1]",Endangered ," at risk, threatened, unprotected ","known, celebrated, distinguished) ",
"Expansion Set 3, Party Expansion 1]",Energetic ," active, vigorous, forceful ",,
"Expansion Set 3, Party Expansion 1]",Enjoyable ," pleasurable, entertaining, fun ",,
"Expansion Set 3, Party Expansion 1]",Enormous ," large, huge, gigantic ",,
"Expansion Set 3, Party Expansion 1]",Entertaining ," amusing, festive, enjoyable ",,
"Expansion Set 3, Party Expansion 1]",Evil ," wicked, corrupt, depraved ",,
"Expansion Set 3, Party Expansion 1]",Famous , well,,
"Expansion Set 3, Party Expansion 1]",Fashionable ," stylish, dashing, current ",,
"Expansion Set 3, Party Expansion 1]",Fast ," swift, quick, rapid ",,
"Expansion Set 3, Party Expansion 1]",Flaky ," foolish, eccentric, crispy ",,
"Expansion Set 3, Party Expansion 1]",Flamboyant ," ornate, pompous, extravagant ",,
"Expansion Set 3, Party Expansion 1]",Flavorful ," tasty, savory, pungent ",,
"Expansion Set 3, Party Expansion 1]",Flawed ," imperfect, defective, unsound ",,
"Expansion Set 3, Party Expansion 1]",Fragile ," delicate, frail, breakable ",,
"Expansion Set 3, Party Expansion 1]",Fun ," enjoyable, playful, amusing ",,
"Expansion Set 3, Party Expansion 1]",Gloomy ," dreary, depressing, sullen ",,
"Expansion Set 3, Party Expansion 1]",Goofy ," silly, foolish, giddy ",,
"Expansion Set 3, Party Expansion 1]",Gorgeous ," beautiful, stunning, magnificent ",,
"Expansion Set 3, Party Expansion 1]",Grueling ," demanding, exhausting, strenuous ",,
"Expansion Set 3, Party Expansion 1]",Gruesome ," ghastly, hideous, grisly ",,
"Expansion Set 3, Party Expansion 1]",Grungy ," dirty, shabby, seedy ",,
"Expansion Set 3, Party Expansion 1]",Handy ," convenient, available, capable ",,
"Expansion Set 3, Party Expansion 1]",Harsh ," severe, glaring, brutal ",,
"Expansion Set 3, Party Expansion 1]",Hazardous ," risky, dangerous, perilous ","tempered, petty) ",
"Expansion Set 3, Party Expansion 1]",Huge ," gigantic, immense, important ",,
"Expansion Set 3, Party Expansion 1]",Humorous ," funny, amusing, comical ",,
"Expansion Set 3, Party Expansion 1]",Icky ," sickening, disgusting, repulsive ",,
"Expansion Set 3, Party Expansion 1]",Ideal ," perfect, flawless, model ",,
"Expansion Set 3, Party Expansion 1]",Jolly ," cheerful, joyous, merry ",,
"Expansion Set 3, Party Expansion 1]",Mean ," malicious, ill",,
"Expansion Set 3, Party Expansion 1]",Mesmerizing ," fascinating, hypnotizing, charming ",,
"Expansion Set 3, Party Expansion 1]",Messy ," sloppy, disorderly, unclean ",looking) ,
"Expansion Set 3, Party Expansion 1]",Modern ," contemporary, fashionable, trendy ",,
"Expansion Set 3, Party Expansion 1]",Nutty ," kooky, foolish, nutlike ",,
"Expansion Set 3, Party Expansion 1]",Obscene ," offensive, indecent, lewd ",,
"Expansion Set 3, Party Expansion 1]",Old ," aged, elderly, antiquated ",,
"Expansion Set 3, Party Expansion 1]",Perverse ," stubborn, obstinate, improper ",,
"Expansion Set 3, Party Expansion 1]",Pretty ," lovely, attractive, good",,
"Expansion Set 3, Party Expansion 1]",Raw ," crude, uncooked, harsh ",,
"Expansion Set 3, Party Expansion 1]",Respectable ," worthy, honorable, decent ",,
"Expansion Set 3, Party Expansion 1]",Secretive ," concealed, covert, veiled ",,
"Expansion Set 3, Party Expansion 1]",Sensational ," thrilling, startling, melodramatic ",,
"Expansion Set 3, Party Expansion 1]",Sickening ," nauseating, disgusting, revolting ",,
"Expansion Set 3, Party Expansion 1]",Sluggish ," inactive, lazy, slothful ",,
"Expansion Set 3, Party Expansion 1]",Sophisticated ," urbane, cosmopolitan, complex ",,
"Expansion Set 3, Party Expansion 1]",Special ," distinctive, unique, original ",,
"Expansion Set 3, Party Expansion 1]",Stupid ," ignorant, unintelligent, inane ",,
"Expansion Set 3, Party Expansion 1]",Tasty ," flavorful, savory, appetizing ",,
"Expansion Set 3, Party Expansion 1]",Tempting ," seductive, enticing, alluring ",,
"Expansion Set 3, Party Expansion 1]",Tender ," soft, compassionate, fragile ",,
"Expansion Set 3, Party Expansion 1]",Terrific ," sensational, fabulous, severe ",,
"Expansion Set 3, Party Expansion 1]",Tormenting ," torturing, harassing, agonizing ",,
"Expansion Set 3, Party Expansion 1]",Trashy ," shameless, nasty, indecent ",,
"Expansion Set 3, Party Expansion 1]",Vain ," conceited, arrogant, fruitless ",,
"Expansion Set 3, Party Expansion 1]",Whimsical ," humourous, peculiar, fanciful ",,
"Expansion Set 3, Party Expansion 1]",Wired ," strained, tense, nervous ",,
"Expansion Set 4, Party Expansion 1]",Armed & Dangerous ," hazardous, threatening, fortified ",,
"Expansion Set 4, Party Expansion 1]",Big & Tall ," large, bulky, gigantic ",,
"Expansion Set 4, Party Expansion 1]",Black & Blue ," bruised, battered, rough ",,
"Expansion Set 4, Party Expansion 1]",Black & White ," indisputable, distinct, written ",,
"Expansion Set 4, Party Expansion 1]",Brains & Brawn ," solid, strong, capable ",,
"Expansion Set 4, Party Expansion 1]",Bright & Shining ," radiant, sparkling, gleaming ",,
"Expansion Set 4, Party Expansion 1]",Cool & Collected ," controlled, composed, restrained ",,
"Expansion Set 4, Party Expansion 1]",Creepy & Crawly ," frightening, ghastly, icky ",,
"Expansion Set 4, Party Expansion 1]",Crisp & Delicious ," tasty, crunchy, savory ",,
"Expansion Set 4, Party Expansion 1]",Cruel & Unusual ," barbaric, merciless, unwarranted ",,
"Expansion Set 4, Party Expansion 1]",Cut & Dried ," settled, obvious, indisputable ",,
"Expansion Set 4, Party Expansion 1]",Cute & Cuddly ," adorable, precious, huggable ",,
"Expansion Set 4, Party Expansion 1]",Dazed & Confused ," stunned, bewildered, disoriented ",,
"Expansion Set 4, Party Expansion 1]",Dead & Gone ," deceased, defunct, passe ",,
"Expansion Set 4, Party Expansion 1]",Down & Dirty ," nasty, vicious, unscrupulous ",,
"Expansion Set 4, Party Expansion 1]",Down & Out ," destitute, impoverished, penniless ",,
"Expansion Set 4, Party Expansion 1]",Drunk & Disorderly ," intoxicated, unruly, rowdy ",,
"Expansion Set 4, Party Expansion 1]",Dumb & Dumber ," stupid, dull, rediculous ",,
"Expansion Set 4, Party Expansion 1]",Fast & Furious ," wild, reckless, breakneck ",,
"Expansion Set 4, Party Expansion 1]",Fast & Loose ," deceitful, fraudulent, reckless ",,
"Expansion Set 4, Party Expansion 1]",Fat & Happy ," content, satisfied, assured ",,
"Expansion Set 4, Party Expansion 1]",Foot Loose & Fancy Free ," lighthearted, carefree, spontaneous ",,
"Expansion Set 4, Party Expansion 1]",Hale & Hearty ," healthy, vigorous, robust ",,
"Expansion Set 4, Party Expansion 1]",High & Dry ," abandoned, alone, helpless ",,
"Expansion Set 4, Party Expansion 1]",High & Low ," everywhere, universally, all over ",,
"Expansion Set 4, Party Expansion 1]",High & Mighty ," arrogant, conceited, vain ",,
"Expansion Set 4, Party Expansion 1]",Hit & Miss ," sporadic, unreliable, erratic ",,
"Expansion Set 4, Party Expansion 1]",Hot & Bothered ," annoyed, irritated, provoked ",,
"Expansion Set 4, Party Expansion 1]",Hot & Cold ," ambivalent, indecisive, varying ",,
"Expansion Set 4, Party Expansion 1]",Hot & Heavy ," passionate, momentous, serious ",,
"Expansion Set 4, Party Expansion 1]",Hot & Muggy ," sultry, humid, oppressive ",,
"Expansion Set 4, Party Expansion 1]",Hot & Spicy ," zesty, stimulating, pungent ",,
"Expansion Set 4, Party Expansion 1]",Hot & Sweaty ," sweltering, intense, perspiring ",,
"Expansion Set 4, Party Expansion 1]",Lean & Mean ," vigorous, fit, efficient ",,
"Expansion Set 4, Party Expansion 1]",Lewd & Lascivious ," lustful, obscene, indecent ",,
"Expansion Set 4, Party Expansion 1]",Light & Fluffy ," billowy, airy, soft ",,
"Expansion Set 4, Party Expansion 1]",Long & Lean ," slender, lanky, wiry ",,
"Expansion Set 4, Party Expansion 1]",Loud & Clear ," definite, explicit, unequivocal ",,
"Expansion Set 4, Party Expansion 1]",Meek & Mild ," timid, docile, gentle ",,
"Expansion Set 4, Party Expansion 1]",Naughty & Nice ," impish, mischievous, playful ",,
"Expansion Set 4, Party Expansion 1]",Neat & Clean ," spotless, tidy, shipshape ",operating) ,
"Expansion Set 4, Party Expansion 1]",New & Improved ," upgraded, enhanced, revised ",,
"Expansion Set 4, Party Expansion 1]",Old & Cranky ," crabby, cantankerous, aged ",,
"Expansion Set 4, Party Expansion 1]",Old & Wise ," experienced, judicious, shrewd ",,
"Expansion Set 4, Party Expansion 1]",On The Up & Up ," trustworthy, irreproachable, honest ",,
"Expansion Set 4, Party Expansion 1]",Plain & Simple ," unadorned, uncomplicated, clear ",,
"Expansion Set 4, Party Expansion 1]",Plug & Play ," effortless, automatic, self","cut, succinct) ",
"Expansion Set 4, Party Expansion 1]",Plump & Tender ," ripe, chubby, fleshy ",,
"Expansion Set 4, Party Expansion 1]",Prim & Proper ," reserved, modest, prudish ",,
"Expansion Set 4, Party Expansion 1]",Quick & Dirty ," cheap, shoddy, inferior ",,
"Expansion Set 4, Party Expansion 1]",Rough & Ready ," crude, makeshift, prepared ",,
"Expansion Set 4, Party Expansion 1]",Short & Stout ," plump, portly, tubby ",,
"Expansion Set 4, Party Expansion 1]",Short & Sweet ," precise, clear",,
"Expansion Set 4, Party Expansion 1]",Sick & Tired ," worn out, exhausted, exasperated ",,
"Expansion Set 4, Party Expansion 1]",Sick & Twisted ," depraved, wicked, lascivious ",,
"Expansion Set 4, Party Expansion 1]",Slow & Steady ," reliable, deliberate, ponderous ",,
"Expansion Set 4, Party Expansion 1]",Smooth & Creamy ," silky, velvety, rich ",,
"Expansion Set 4, Party Expansion 1]",Spic & Span ," spotless, tidy, clean ",,
"Expansion Set 4, Party Expansion 1]",Swift & Sure ," steady, prompt, definite ",,
"Expansion Set 4, Party Expansion 1]",Thick & Chunky ," bulky, heavy, lumpy ",,
"Expansion Set 4, Party Expansion 1]",Torn & Tattered ," shabby, ragged, grungy ",,
"Expansion Set 4, Party Expansion 1]",Touch & Go ," indecisive, uncertain, insecure ",,
"Expansion Set 4, Party Expansion 1]",Tried & True ," tested, proven, trustworthy ","care, sturdy) ",
"Expansion Set 4, Party Expansion 1]",True & Blue ," loyal, faithful, patriotic ",,
"Expansion Set 4, Party Expansion 1]",Up & Coming ," promising, enterprising, gifted ",,
"Expansion Set 4, Party Expansion 1]",Up & Down ," volatile, variable, vertical ",,
"Expansion Set 4, Party Expansion 1]",Warm & Cozy ," snug, comfy, friendly ",,
"Expansion Set 4, Party Expansion 1]",Warm & Fuzzy ," kindhearted, loving, affectionate ",,
"Expansion Set 4, Party Expansion 1]",Wash & Wear ," durable, easy",,
"Expansion Set 4, Party Expansion 1]",Wild & Wooly ," untamed, uncontrolled, reckless ",,
"Expansion Set 4, Party Expansion 1]",Young & Restless ," fidgety, impatient, flighty ",,
Junior 9+ (1st) & (2nd)],Amazing ," surprising, wonderful ",,
Junior 9+ (1st) & (2nd)],Awful ," very bad, horrible ",,
Junior 9+ (1st) & (2nd)],Beautiful ," pretty, lovely ",,
Junior 9+ (1st) & (2nd)],Bumpy ," lumpy, bouncy ",,
Junior 9+ (1st) & (2nd)],Busy ," active, unavailable ",,
Junior 9+ (1st) & (2nd)],Calm ," peaceful, still ",,
Junior 9+ (1st) & (2nd)],Careful ," cautious, thoughtful ",,
Junior 9+ (1st) & (2nd)],Cheerful ," happy, lively ",,
Junior 9+ (1st) & (2nd)],Chewy ," gummy, rubbery ",,
Junior 9+ (1st) & (2nd)],Clumsy ," awkward, not graceful ",,
Junior 9+ (1st) & (2nd)],Comfortable ," cozy, pleasant ",,
Junior 9+ (1st) & (2nd)],Cool ," not hot, chilled ",,
Junior 9+ (1st) & (2nd)],Cozy ," comfortable, warm ",,
Junior 9+ (1st) & (2nd)],Crazy ," silly, foolish ",,
Junior 9+ (1st) & (2nd)],Crunchy ," crispy, crackling ",,
Junior 9+ (1st) & (2nd)],Cuddly ," cozy, soft ",,
Junior 9+ (1st) & (2nd)],Delicate ," breakable, dainty ",,
Junior 9+ (1st) & (2nd)],Delicious ," tasty, pleasing ",,
Junior 9+ (1st) & (2nd)],Dull ," not sharp, plain ",,
Junior 9+ (1st) & (2nd)],Easy ," simple, not hard ",,
Junior 9+ (1st) & (2nd)],Enjoyable ," pleasant, fun ",,
Junior 9+ (1st) & (2nd)],Excellent ," very good, outstanding ",,
Junior 9+ (1st) & (2nd)],Expensive ," costly, high priced ",,
Junior 9+ (1st) & (2nd)],Fragile ," delicate, weak ",,
Junior 9+ (1st) & (2nd)],Fresh ," new, clean ",,
Junior 9+ (1st) & (2nd)],Friendly ," kind, nice ",,
Junior 9+ (1st) & (2nd)],Frightening ," scary, horrifying ",,
Junior 9+ (1st) & (2nd)],Furry ," hairy, fuzzy ",,
Junior 9+ (1st) & (2nd)],Gentle ," tame, mild ",,
Junior 9+ (1st) & (2nd)],Goofy ," silly, weird ",,
Junior 9+ (1st) & (2nd)],Harmful ," hurtful, damaging ",,
Junior 9+ (1st) & (2nd)],Healthy ," not sick, well ",,
Junior 9+ (1st) & (2nd)],Honest ," trustworthy, truthful ",,
Junior 9+ (1st) & (2nd)],Horrible ," frightening, awful ",,
Junior 9+ (1st) & (2nd)],Huge ," big, large ",,
Junior 9+ (1st) & (2nd)],Kind ," nice, helpful ",,
Junior 9+ (1st) & (2nd)],Lazy ," slow, careless ",,
Junior 9+ (1st) & (2nd)],Little ," small, tiny ",,
Junior 9+ (1st) & (2nd)],Loving ," caring, kind ",,
Junior 9+ (1st) & (2nd)],Lucky ," fortunate, favored ",,
Junior 9+ (1st) & (2nd)],Messy ," sloppy, dirty ",,
Junior 9+ (1st) & (2nd)],Mushy ," soft, squishy ",,
Junior 9+ (1st) & (2nd)],Neat ," clean, orderly ",,
Junior 9+ (1st) & (2nd)],Odd ," unusual, strange ",,
Junior 9+ (1st) & (2nd)],Painful ," hurting, sore ",,
Junior 9+ (1st) & (2nd)],Peaceful ," calm, quiet ",,
Junior 9+ (1st) & (2nd)],Plain ," simple, dull ",,
Junior 9+ (1st) & (2nd)],Playful ," fun, cheerful ",,
Junior 9+ (1st) & (2nd)],Powerful ," strong, forceful ",,
Junior 9+ (1st) & (2nd)],Proud ," dignified, satisfied ",,
Junior 9+ (1st) & (2nd)],Quick ," fast, speedy ",,
Junior 9+ (1st) & (2nd)],Relaxed ," calm, not tense ",,
Junior 9+ (1st) & (2nd)],Round ," circular, ring shaped ",,
Junior 9+ (1st) & (2nd)],Sad ," unhappy, gloomy ",,
Junior 9+ (1st) & (2nd)],Scary ," frightening, spooky ",,
Junior 9+ (1st) & (2nd)],Serious ," important, thoughtful ",,
Junior 9+ (1st) & (2nd)],Silent ," quiet, still ",,
Junior 9+ (1st) & (2nd)],Silky ," smooth, soft ",,
Junior 9+ (1st) & (2nd)],Simple ," plain, easy ",,
Junior 9+ (1st) & (2nd)],Skillful ," expert, talented ",,
Junior 9+ (1st) & (2nd)],Slimy ," slippery, gooey ",,
Junior 9+ (1st) & (2nd)],Smart ," intelligent, clever ",,
Junior 9+ (1st) & (2nd)],Smelly ," stinky, bad odor ",,
Junior 9+ (1st) & (2nd)],Talented ," skillful, gifted ",,
Junior 9+ (1st) & (2nd)],Tame ," not wild, mild ",,
Junior 9+ (1st) & (2nd)],Thin ," skinny, narrow ",,
Junior 9+ (1st) & (2nd)],Tough ," strong, hard ",,
Junior 9+ (1st) & (2nd)],Trustworthy ," dependable, honest ",,
Junior 9+ (1st) & (2nd)],Unhappy ," sad, sorrowful ",looking) ,
Junior 9+ (1st) & (2nd)],Useless ," worthless, not valuable ",,
Junior 9+ (1st) & (2nd)],Weak ," not strong, sickly ",,
Junior 9+ (1st) & (2nd)],Young ," not old, new ",,
Junior 9+ (2nd)],Adorable ," lovable, cute ",,
Junior 9+ (2nd)],Annoying ," bothersome, irritating ",,
Junior 9+ (2nd)],Attractive ," pretty, good",,
Junior 9+ (2nd)],Best ," greatest, finest ",,
Junior 9+ (2nd)],Bitter ," sour, tart ",,
Junior 9+ (2nd)],Bold ," daring, courageous ",,
Junior 9+ (2nd)],Bright ," light, intelligent ",,
Junior 9+ (2nd)],Caring ," concerned, interested ",,
Junior 9+ (2nd)],Charming ," pleasant, polite ",,
Junior 9+ (2nd)],Chubby ," plump, round ",,
Junior 9+ (2nd)],Confusing ," puzzling, weird ",,
Junior 9+ (2nd)],Costly ," expensive, valuable ",,
Junior 9+ (2nd)],Courageous ," brave, bold ",,
Junior 9+ (2nd)],Crooked ," bent, not straight ",,
Junior 9+ (2nd)],Curved ," bent, rounded ",,
Junior 9+ (2nd)],Dainty ," delicate, elegant ",,
Junior 9+ (2nd)],Daring ," brave, bold ",,
Junior 9+ (2nd)],Difficult ," complicated, hard ",,
Junior 9+ (2nd)],Disgusting ," sickening, horrible ","known, important) ",
Junior 9+ (2nd)],Dumb ," silent, not smart ",,
Junior 9+ (2nd)],Elderly ," old, aged ",,
Junior 9+ (2nd)],Energetic ," active, lively ",,
Junior 9+ (2nd)],Enormous ," huge, gigantic ",,
Junior 9+ (2nd)],Entertaining ," interesting, fun ",,
Junior 9+ (2nd)],Famous , well,,
Junior 9+ (2nd)],Fascinating ," interesting, attractive ",,
Junior 9+ (2nd)],Favorite ," preferred, desired ",,
Junior 9+ (2nd)],Fearful ," scared, worried ",,
Junior 9+ (2nd)],Flat ," smooth, level ",,
Junior 9+ (2nd)],Flavorful ," tasty, appetizing ",,
Junior 9+ (2nd)],Frail ," fragile, weak ",,
Junior 9+ (2nd)],Gigantic ," huge, large ",,
Junior 9+ (2nd)],Gorgeous ," beautiful, dazzling ",,
Junior 9+ (2nd)],Graceful ," elegant, flowing ",,
Junior 9+ (2nd)],Handy ," useful, helpful ",,
Junior 9+ (2nd)],Hardworking ," industrious, careful ",,
Junior 9+ (2nd)],Interesting ," fascinating, exciting ",,
Junior 9+ (2nd)],Long ," not short, stretched ",,
Junior 9+ (2nd)],Lovable ," adorable, enchanting ",,
Junior 9+ (2nd)],Magical ," mysterious, delightful ",,
Junior 9+ (2nd)],Miserable ," unhappy, sorrowful ",,
Junior 9+ (2nd)],Mysterious ," strange, secretive ",,
Junior 9+ (2nd)],Nasty ," mean, wicked ",mannered) ,
Junior 9+ (2nd)],Natural ," normal, pure ",,
Junior 9+ (2nd)],Ordinary ," normal, common ",,
Junior 9+ (2nd)],Pale ," faded, colorless ",,
Junior 9+ (2nd)],Perfect ," ideal, wonderful ",,
Junior 9+ (2nd)],Pleasant ," enjoyable, nice ",,
Junior 9+ (2nd)],Polite ," respectful, well",,
Junior 9+ (2nd)],Poor ," not rich, unfortunate ",,
Junior 9+ (2nd)],Practical ," useful, helpful ",,
Junior 9+ (2nd)],Rich ," wealthy, not poor ",,
Junior 9+ (2nd)],Scented ," perfumed, fragrant ",,
Junior 9+ (2nd)],Shy ," bashful, timid ",,
Junior 9+ (2nd)],Sickening ," disgusting, horrible ",,
Junior 9+ (2nd)],Slender ," slim, small ",,
Junior 9+ (2nd)],Sneaky ," tricky, mean ",,
Junior 9+ (2nd)],Special ," individual, unique ",,
Junior 9+ (2nd)],Speedy ," quick, fast ",,
Junior 9+ (2nd)],Sporty ," athletic, active ",,
Junior 9+ (2nd)],Spotless ," clean, pure ",,
Junior 9+ (2nd)],Sticky ," gummy, pasty ",,
Junior 9+ (2nd)],Straight ," not curved, direct ",,
Junior 9+ (2nd)],Surprising ," unexpected, amazing ",,
Junior 9+ (2nd)],Terrible ," awful, dreadful ",,
Junior 9+ (2nd)],Thick ," wide, solid ",,
Junior 9+ (2nd)],Thoughtful ," caring, unselfish ",,
Junior 9+ (2nd)],Unforgettable ," memorable, treasured ",,
Junior 9+ (2nd)],Untamed ," wild, natural ",,
Junior 9+ (2nd)],Valuable ," expensive, important ",,
Junior 9+ (2nd)],Wide ," broad, thick ",,
Junior 9+ (2nd)],Worthless ," useless, meaningless ",,
Junior],Bad ," rotten, hurtful ",,
Junior],Big ," large, huge ",,
Junior],Boring ," not interesting, dull ",looking) ,
Junior],Brave ," fearless, courageous ",,
Junior],Clean ," spotless, clear ",,
Junior],Cold ," cool, chilly ",,
Junior],Colorful ," full of color, bright ",,
Junior],Creepy ," spooky, scary ",,
Junior],Cute ," pretty, good",,
Junior],Dangerous ," unsafe, risky ",,
Junior],Dark ," without light, nearly black ",,
Junior],Dirty ," unclean, filthy ",,
Junior],Exciting ," thrilling, interesting ",covered) ,
Junior],Fancy ," decorated, elegant ",,
Junior],Fast ," speedy, quick ",,
Junior],Fat ," plump, thick ",,
Junior],Fun ," enjoyable, playful ",,
Junior],Funny ," silly, goofy ",,
Junior],Fuzzy ," furry, fuzz",,
Junior],Good ," not bad, fine ",,
Junior],Great ," very good, important ",,
Junior],Hairy ," not bald, furry ",,
Junior],Happy ," glad, jolly ",,
Junior],Hard ," not soft, difficult ",,
Junior],Heavy ," not light, bulky ",,
Junior],Helpful ," useful, assisting ",,
Junior],Hot ," very warm, heated ",,
Junior],Important ," valuable, worthwhile ",,
Junior],Jolly ," cheerful, fun ",,
Junior],Juicy ," wet, squishy ",,
Junior],Large ," big, not small ",,
Junior],Light ," not dark, not heavy ",,
Junior],Lively ," cheerful, active ",,
Junior],Loud ," noisy, not quiet ",,
Junior],Lumpy ," bumpy, clumpy ","looking, pleasing) ",
Junior],Mean ," unkind, nasty ",,
Junior],New ," fresh, modern ",,
Junior],Nice ," pleasant, kind ",,
Junior],Noisy ," loud, not quiet ",,
Junior],Old ," not new, used ",,
Junior],Pretty , good,,
Junior],Quiet ," silent, noiseless ",,
Junior],Rough ," not smooth, not gentle ",,
Junior],Shaggy ," bushy, stringy ",,
Junior],Sharp ," pointed, not rounded ",,
Junior],Shiny ," bright, glossy ",,
Junior],Short ," not long, not tall ",,
Junior],Silly ," foolish, goofy ",,
Junior],Skinny ," thin, lean ",,
Junior],Slippery ," slick, sliding ",,
Junior],Sloppy ," messy, careless ",,
Junior],Slow ," not fast, pokey ",,
Junior],Small ," little, not large ",,
Junior],Smooth ," not bumpy, flat ",,
Junior],Soft ," not hard, tender ",,
Junior],Sour ," bitter, tart ",,
Junior],Spooky ," scary, frightening ",,
Junior],Stinky ," smelly, bad odor ",,
Junior],Strange ," odd, unusual ",,
Junior],Strong ," powerful, forceful ",,
Junior],Sweet ," sugary, nice ",,
Junior],Tall ," not short, not low ",,
Junior],Tasty ," flavorful, yummy ",,
Junior],Tiny ," little, very small ",,
Junior],Ugly ," not pretty, unpleasant ",,
Junior],Useful ," helpful, handy ",,
Junior],Warm ," heated, somewhat hot ",informed) ,
Junior],Weird ," odd, mysterious ",,
Junior],Wet ," watery, soaked ",,
Junior],Wild ," not tame, crazy ",,
Junior],Wonderful ," great, excellent ",,
Junior],Yucky ," icky, sickening ","fetched, impossible) ",